{"point_goal": {"LB-SGD\u2192No Update": [5.8120832443237305, 8.0, 0.013142013142013142], "Lagrangian\u2192No Update": [10.213017463684082, 39.70000076293945, 0.03521603521603522]}, "car_goal": {"LB-SGD\u2192No Update": [6.7290802001953125, 4.400000095367432, 0.012814012814012813], "Lagrangian\u2192No Update": [10.762042999267578, 28.200000762939453, 0.030777030777030777]}, "doggo_goal": {"LB-SGD\u2192No Update": [0.06908948719501401, 13.5, 0.018316974789915966], "Lagrangian\u2192No Update": [1.302640676498413, 60.099998474121094, 0.052471010435294264]}}