{"point_goal": {"LB-SGD\u2192No Update": [[1.8723887920379636, 6.4901018142700195], [1.8800000190734862, 33.8800006866455], [0.004477007221007221, 0.025335625335625337]], "Lagrangian\u2192No Update": [[8.640378189086913, 13.518213272094727], [15.91999969482422, 42.81999893188477], [0.026200026200026198, 0.05131505131505131]]}, "car_goal": {"LB-SGD\u2192No Update": [[4.578672409057617, 8.211618232727051], [2.8600000381469726, 26.06000003814697], [0.0052768052768052765, 0.016997016997016997]], "Lagrangian\u2192No Update": [[8.289481353759765, 11.441619300842286], [20.5, 43.08000106811523], [0.02565022565022565, 0.03763203763203763]]}, "doggo_goal": {"LB-SGD\u2192No Update": [[-0.09379979074001321, 0.7627632319927211], [2.240000057220459, 74.16000137329101], [0.01256255462184874, 0.033782117647058824]], "Lagrangian\u2192No Update": [[0.6421309232711786, 2.469663071632385], [22.15999984741211, 84.43999938964843], [0.034444638655462184, 0.06056248739495798]]}}